{
   "containerDefinitions": [ 
      { 
         "essential": true,
         "image": "DOCKER_URI",
         "logConfiguration": { 
            "logDriver": "awslogs",
            "options": { 
               "awslogs-group" : "/ecs/greens-task-definition",
               "awslogs-region": "ap-south-1",
               "awslogs-stream-prefix": "ecs"
            }
         },
         "name": "greens-demo-app",
         "portMappings": [ 
            { 
               "containerPort": 80,
               "hostPort": 80,
               "protocol": "tcp"
            }
         ]
      }
   ],
   "cpu": "256",
   "executionRoleArn": "arn:aws:iam::170529709485:role/ecsTaskExecutionRole",
   "family": "greens-task-definition",
   "memory": "512",
   "networkMode": "awsvpc",
   "runtimePlatform": {
        "operatingSystemFamily": "LINUX"
    },
   "requiresCompatibilities": [ 
       "FARGATE" 
    ]
}
